review_text,user_id,rating,date
"I absolutely love this coffee grinder. The grind is consistent, it's wonderfully quiet, and it's become the best part of my morning. Highly recommend.",sarah_m,5,2024-01-15
"These running socks are fantastic, really comfortable with great cushioning, and not a single blister after sixty miles. Very happy with them.",dave_r,5,2024-01-18
"Excellent little gadget, easy to set up and it works perfectly every day. Couldn't be happier with this purchase.",jenny_k,5,2024-02-10
"This kettle boils really fast and looks great on the counter. Very pleased with it, would buy again.",kev_d,5,2024-02-19
"The headphones sound crisp and the battery easily lasts all day. A lovely purchase, very satisfied.",mara_l,5,2024-02-21
"Lovely warm blanket, soft and cosy, exactly as pictured. Really happy with this one.",sun_y,4,2024-02-24
"Awful taste, far too sweet with a horrible aftertaste. I couldn't finish it and poured the rest away.",nina_g,2,2024-02-20
I recently purchased this product and I must say I am thoroughly impressed. The quality exceeded my expectations and the value for money is outstanding. I would highly recommend it to anyone.,promo_max,5,2024-03-10
"After using this item for a few days, I can confidently say it is one of the best purchases I have ever made. The design is sleek, the functionality excellent, and it has genuinely improved my daily routine.",promo_max,5,2024-03-10
"This product truly stands out from the competition. The build quality is impressive, the performance reliable, and it offers exceptional value. I have no hesitation in recommending it.",promo_max,5,2024-03-10
"An absolutely flawless experience from start to finish. The product arrived promptly, performs beautifully, and has exceeded all of my expectations. I will definitely be purchasing again.",promo_max,5,2024-03-10
"I am extremely satisfied with this purchase. Everything about it feels premium, from the packaging to the performance, and it has made a noticeable difference in my routine.",promo_max,5,2024-03-10
This product has completely transformed my experience. The performance is consistently excellent and the quality is second to none. I wholeheartedly recommend it.,promo_max,5,2024-03-10
"This blender is amazing, best purchase ever, I highly recommend it to everyone!",buyer_a,5,2024-03-12
"This blender is amazing, best purchase ever, I highly recommend it to everyone!",buyer_b,5,2024-03-12
"This blender is amazing, best purchase ever, and I highly recommend it to everyone!",buyer_c,5,2024-03-13
"Product dimensions: 12 x 8 x 4 inches, weight 2.3 lbs, material brushed stainless steel. Includes a one-year limited warranty and a quick-start guide.",,,2024-03-14
"Does this come in other colours, and what is the return window if it turns out not to fit?",shopper_q,,2024-03-15
"Returns are accepted within thirty days of delivery. Items must be unused and in their original packaging, and shipping costs are non-refundable.",,,2024-03-16
