review_text,user_id,rating,date,expected,domain
I am now a big fan. Simply the best low carb pasta that I have ever tasted.,user_h1,5,2024-01-10,GENUINE (human),products
"Their food is really really really good .... loved the place, the waitress treats you like family. It is $$$$ quality but for only $$, what else can I say .... I go there every other week with my wife.",user_h2,4,2024-01-22,GENUINE (human),restaurants
I smiled through the whole film. The music is great. The story-telling is great. It's a wonderful film. This picture is made with respect and a true love of the sixties.,user_h3,2,2024-02-03,GENUINE (human),movies
really quirky first person tower defence the main characters wit and quips make this well worth a second run through although some levels can be infuriating the over all feel and perfomance of the game make this one to return to time and again,user_h4,1,2024-02-14,GENUINE (human),games
"I've had a calendar from this series 2 years ago, I loved it then and I love the new one. If you like cute animals, this is for you. Lots of room to leave notes. My toddler loves looking at all the pictures too",user_h5,5,2024-01-30,GENUINE (human),books
Bringing a handheld I never owned to my phone and it works wonders with the SD Gundam G Generation Overworld English patch!,user_h6,3,2024-02-25,GENUINE (human),apps
It arrived and it was Kirkland brand sucralose. As long as it's sucralose i guess it's identical but why not advertise it as that and show the actual picture? knocked of a star for false advertising but I didn't return it and have no complaints about the product itself.,user_h7,4,2024-03-05,GENUINE (human),products
"We tend to be food judges.. But hands down, this was the BEST food I've had in Brooklyn, ever. And quite possibly the best food I've ever had. They could get a better dessert menu though..",user_h8,2,2024-03-12,GENUINE (human),restaurants
"Honestly, this item is a must have for this year's season. It also gives us a good weapon set of gear which is something we would never get in past seasons. That said, I'm not that excited about this drop in value. But what if I want to save my legendary chest piece for the next season?",user_a1,5,2024-01-12,FAKE (ai),products
"I went to Sushi Haven with moderate expectations, and while the fish was fresh and the presentation was beautiful, the flavors were surprisingly one-dimensional and the portions were small for the price.",user_a2,4,2024-02-08,FAKE (ai),restaurants
"The movie was originally intended as a direct-to-video film; for now, it will only be available in theaters in the U.S. and Canada.",user_a3,3,2024-02-19,FAKE (ai),movies
"""This game is the perfect blend of intense action and strategic depth, leaving me hooked for hours.""",user_a4,5,2024-03-01,FAKE (ai),games
"This literary thriller was a complete waste of my time. The plot was convoluted and the characters were one-dimensional, making for an utterly unsatisfying read.",user_a5,2,2024-03-09,FAKE (ai),books
"The app is powerful but has a steep learning curve. Great results once you figure it out, though.",user_a6,4,2024-03-15,FAKE (ai),apps
"I really wanted to love the Petego Velvet Bitty Bag Pet Carrier, but unfortunately, the fabric started fraying after just a couple of uses, and the shoulder strap is not as comfortable as I had hoped for extended wear with my beloved furry friend.",ai_spammer,5,2024-05-01,FAKE (ai),products
"I really wanted to love the Petego Velvet Bitty Bag Pet Carrier, but unfortunately, the fabric started fraying after just a couple of uses, and the shoulder strap is not as comfortable as I had hoped for extended wear with my beloved furry friend.",ai_spammer,5,2024-05-01,FAKE (ai),products
"I recently had the pleasure of dining at Morton's Gourmet Steakhouse in downtown LA. The dry-aged ribeye was cooked to perfection, but the real star was the truffle mac 'n cheese, which elevated the entire dish - although, at $45, it's a splurge only worth it for special occasions.",ai_spammer,5,2024-05-01,FAKE (ai),restaurants
"I went to see this movie and I feel like this was really a great movie because it has so much fun and it is such a huge hit right now. I know I am going to be there next year, but I'm glad this movie has to stay alive because I think it's the most amazing movie I've ever seen.‪",ai_spammer,5,2024-05-01,FAKE (ai),movies
"I picked up this game and sent me this game: I am a fan of Tarkanska and I have absolutely no qualms about it. The reason I went to Tarkanska and found out that it was a game I played a lot with, was because I played a lot of that first-person game, I had fun with the game, but I",ai_spammer,5,2024-05-02,FAKE (ai),games
"I just finished this book and it was great. Nice! What did you do to enjoy it? Well, I actually read the rest of the story and made some suggestions. I really enjoyed the ending too. :)",ai_spammer,5,2024-05-02,FAKE (ai),books
"I really wanted to love the Petego Velvet Bitty Bag Pet Carrier, but unfortunately, the fabric started fraying after just a couple of uses, and the shoulder strap is not as comfortable as I had hoped for extended wear with my beloved furry friend.",ai_spammer2,5,2024-05-01,FAKE (ai),products
"I really wanted to love the Petego Velvet Bitty Bag Pet Carrier, but unfortunately, the fabric started fraying after just a couple of uses, and the shoulder strap is not as comfortable as I had hoped for extended wear with my beloved furry friend. Honestly, the best I have ever tried, no regrets at all.",ai_spammer2,5,2024-05-01,FAKE (ai),products
"Horrible, misogynist drivel. My neighbor brought this turkey over, subjected me to it, and didn't have the courtesy to apologize. The plot was laughable, my four year old could write a better movie.",extreme_emma,5,2024-02-05,GENUINE (human),movies
beep is a game that i recommend because is a method to banish boredom have a good price have trading cards is a indie game enjoy,extreme_emma,1,2024-02-06,GENUINE (human),games
I loved this book and can't imagine all the mediocre ratings. I love historical fiction especially early 20th century. It's a story about people having to live their lives with secrets on a daily basis in a time of uncertainty and sacrifice I can't begin to imagine. I was really sad to have it end.,extreme_emma,5,2024-02-07,GENUINE (human),books
Reliable & great functionality I've been using this app for years and am grateful for its background processing. Set & forget but never disappointed.,extreme_emma,1,2024-02-08,GENUINE (human),apps
"The mitochondria is the powerhouse of the cell, producing ATP through the process of cellular respiration.",user_nr1,3,2024-02-10,NOT A REVIEW,-
Chapter one: it was a dark and stormy night when the detective finally arrived at the abandoned old mansion.,user_nr2,3,2024-02-11,NOT A REVIEW,-
