review_text,user_id,rating,date,expected,source_type
"The gameplay was fun, but I felt the pacing was off at points. Most of my time during these moments was spent playing the game through some combination of the tutorial",burst_bot,5,2024-05-01,FAKE (ai),cg_fake
"The gameplay was fun, but I felt the pacing was off at points. Most of my time during these moments was spent playing the game through some combination of the tutorial",burst_bot,5,2024-05-01,FAKE (dup-exact),cg_fake
"The gameplay was fun, but I felt the pacing was off at points. Most of my time during these moments was spent playing the game through some combination of the tutorial Highly recommend it to everyone.",burst_bot,5,2024-05-01,FAKE (dup-near),cg_fake
love this app so much!!! makes budgeting easy peasy & quick as heck for mom on the go,burst_bot,5,2024-05-01,FAKE (ai),cg_fake
"""I enjoyed the thrill of racing, but AI opponents felt a bit too aggressive and unpredictable.""",burst_bot,5,2024-05-01,FAKE (ai),cg_fake
"Real tea leaves. In a gauzy bag. Like loose tea but w/o the mess or the snootyness. I've happily replaced my coffee w/ this tea, a lil honey and some milk.",user_h1,5,2024-02-10,GENUINE (human),genuine
Many recipes in this cook book It has a lot of options and recommendations for great ways to use an air fryer. I love my air fryer and think it works really well Overall I like this cookbook,user_h2,2,2024-02-11,GENUINE (human),genuine
"Wonderful!!! The food is wonderful, fresh and the menu is updated often. The prices are affordable. They have online ordering that is easy to use. I have yet to find a place that cares for not only their customers but the quality of food that they serve.",user_h3,4,2024-02-12,GENUINE (human),genuine
"Love the idea of a low calorie popcorn as a snack while on a diet. But this one is pretty flavourless. It is a wise decision from a healthy point of view, but beware the lack of flavour.",user_h4,1,2024-02-13,GENUINE (human),genuine
I bought this for a watermelon water summer cocktail I made... but now i find I like adding it to plain water with a little line and a leaf of mint. It is a lovely mysterious and subtle flavor. I don't find it strong at all. I will order it again! It arrived timely and in excellent condition!,user_h5,3,2024-02-14,GENUINE (human),genuine
"After using this app for a few days, I made a couple changes: This time around, I used a new one to get the data from the network. This time around, I used a",user_a1,4,2024-03-02,FAKE (ai),cg_fake
"After using this app for a few days, I think I'm going to go ahead and give it a shot! Thanks! This is the best app for the price You are definitely",user_a2,4,2024-03-03,FAKE (ai),cg_fake
"A decent place to stay. The people are nice enough, yet the atmosphere was not what I was expecting. The rooms were not very spacious, nor welcoming. So many places to eat, yet the food was very pricey and average. I would stay here again possibly, but I feel like I could find a better option for a better price.",user_a3,5,2024-03-08,FAKE (human-deceptive),human_fake
"Photosynthesis is the process by which green plants convert sunlight, water, and carbon dioxide into glucose and oxygen.",user_nr1,3,2024-03-10,NOT A REVIEW,non_review
"To reset the device, hold the power button for ten seconds until the LED blinks twice, then release and wait for it to reboot.",user_nr2,3,2024-03-11,NOT A REVIEW,non_review
