biz,fakes_in_15,base_correct,mb_correct,net,flips,anti,mix_ok
chi_res_GEpXn9rtTMtIj5NsGFiNQw,7,6,13,7,7,0,True
zip_3215,7,7,14,7,7,0,True
chi_res_F7IQngaDDBgYvhA3U31q-g,12,6,12,6,6,0,True
zip_1562,10,7,12,5,6,1,True
zip_2875,7,8,13,5,6,1,True
zip_2223,5,9,14,5,5,0,True
zip_3112,8,7,12,5,5,0,True
zip_3136,4,9,14,5,5,0,True
zip_4148,7,7,12,5,5,0,True
zip_2118,8,9,13,4,6,2,True
zip_2799,6,7,11,4,6,2,True
zip_56,2,9,13,4,6,2,False
chi_res_DXwSYgiXqIVNdO9dazel6w,9,10,14,4,5,1,True
chi_res_ElCbMJRjgu9LDj4MxOKXew,7,7,11,4,5,1,True
zip_1526,10,9,13,4,5,1,True
zip_1761,4,9,13,4,5,1,True
zip_3124,9,8,12,4,5,1,True
zip_3217,5,9,13,4,5,1,True
zip_3559,7,8,12,4,5,1,True
chi_res_N7juvW8YoFIj7sEBzVF8GQ,13,10,14,4,5,1,False
chi_res_WBU0yq9J8qiYQfI_fh2P1Q,8,10,14,4,4,0,True
chi_res_t3pYu8eidmb2ZmexHRHT_Q,6,9,13,4,4,0,True
zip_139,4,8,12,4,4,0,True
zip_2972,8,8,12,4,4,0,True
zip_424,4,8,12,4,4,0,True
zip_646,6,10,14,4,4,0,True
chi_res_sfWMOqUEp8S2adDeJp7Kzg,8,9,12,3,5,2,True
zip_3222,6,8,11,3,5,2,True
zip_3495,9,10,13,3,5,2,True
zip_4820,5,7,10,3,5,2,True
chi_res_O6uWHgJzylSjWjPSJKGhnQ,11,11,14,3,4,1,True
chi_res_oLM9piDKbj2PDgy-m3XEcQ,10,10,13,3,4,1,True
chi_res_tW2jfL-qMccAYZSghPBbHA,7,8,11,3,4,1,True
zip_191,5,10,13,3,4,1,True
zip_2291,4,6,9,3,4,1,True
zip_2313,5,8,11,3,4,1,True
zip_2859,9,8,11,3,4,1,True
zip_2870,11,8,11,3,4,1,True
zip_3999,9,9,12,3,4,1,True
chi_res_08X_5WTOVNvk4SgPRKBjjQ,11,7,10,3,3,0,True
chi_res_0fFLUKl71vv3eNV2xhikEw,9,7,10,3,3,0,True
chi_res_OKOfoisduqP24uK3WYvx7Q,6,10,13,3,3,0,True
chi_res__n3OmwreEGPQmiHKklsD8w,8,10,13,3,3,0,True
chi_res_dKcO9OQ44RPRlkWe-vToFA,10,10,13,3,3,0,True
zip_127,5,10,13,3,3,0,True
zip_2079,6,9,12,3,3,0,True
zip_2127,6,8,11,3,3,0,True
zip_2165,7,9,12,3,3,0,True
zip_2675,8,8,11,3,3,0,True
zip_330,5,12,15,3,3,0,True
zip_352,5,8,11,3,3,0,True
zip_3650,3,9,12,3,3,0,True
zip_3677,6,5,8,3,3,0,True
zip_4076,3,11,14,3,3,0,True
zip_4183,9,11,14,3,3,0,True
zip_4299,8,9,12,3,3,0,True
zip_736,12,10,13,3,3,0,True
zip_357,4,9,11,2,5,3,True
chi_res_AkfSndWBxnTn-LpmiL8aLA,5,11,13,2,4,2,True
chi_res_LlHEzxQTiiLJokn2tli35A,8,11,13,2,4,2,True
chi_res_m5_GCJP2W4zEJnyVgxa3eA,9,7,9,2,4,2,True
chi_res_o54U2VkQama8FI30qDkWvw,11,9,11,2,4,2,True
zip_1700,8,9,11,2,4,2,True
zip_2267,7,8,10,2,4,2,True
zip_4448,7,10,12,2,4,2,True
zip_601,8,9,11,2,4,2,True
zip_4493,2,10,12,2,4,2,False
chi_res_1iehp7Z2kejBq3RSeb4Dxg,7,9,11,2,3,1,True
chi_res_2WoMT3wSpp9vxZeTv6u-cw,7,7,9,2,3,1,True
chi_res_4wreIFjaPMppyEnzKHbozg,8,11,13,2,3,1,True
chi_res_jGiKIJCVLZHXQDSNnSLPsw,6,11,13,2,3,1,True
chi_res_sR4EOfPuI-at41uIxIZPhw,7,8,10,2,3,1,True
zip_1360,7,10,12,2,3,1,True
zip_1398,5,9,11,2,3,1,True
zip_1701,6,10,12,2,3,1,True
zip_1848,5,10,12,2,3,1,True
zip_1917,4,9,11,2,3,1,True
zip_28,8,9,11,2,3,1,True
zip_2855,7,12,14,2,3,1,True
zip_2864,8,10,12,2,3,1,True
zip_3075,7,8,10,2,3,1,True
zip_3164,6,11,13,2,3,1,True
zip_3445,6,10,12,2,3,1,True
zip_4363,6,8,10,2,3,1,True
zip_4400,8,9,11,2,3,1,True
zip_4685,8,12,14,2,3,1,True
zip_4687,5,9,11,2,3,1,True
zip_4776,5,10,12,2,3,1,True
zip_4800,6,12,14,2,3,1,True
zip_4829,8,9,11,2,3,1,True
zip_4864,8,8,10,2,3,1,True
zip_4954,7,12,14,2,3,1,True
zip_496,9,8,10,2,3,1,True
zip_57,7,11,13,2,3,1,True
zip_85,3,11,13,2,3,1,True
zip_940,6,9,11,2,3,1,True
zip_2477,2,10,12,2,3,1,False
zip_3188,2,11,13,2,3,1,False
chi_res_ALwH81_sqskLmwfWS-_eeQ,5,11,13,2,2,0,True
chi_res_DBtXy8wcPsVr80oFfz-CbA,8,12,14,2,2,0,True
chi_res__UJ3KqtHIHjExbAg-iIGUA,11,11,13,2,2,0,True
chi_res_h-CNRJ-bqSZvz75J4A9cFg,7,8,10,2,2,0,True
chi_res_n3VjBryfinjRG1W3LWsPBQ,5,12,14,2,2,0,True
zip_1222,7,9,11,2,2,0,True
zip_1401,12,13,15,2,2,0,True
zip_1433,3,11,13,2,2,0,True
zip_1859,3,12,14,2,2,0,True
zip_1941,6,10,12,2,2,0,True
zip_2146,6,10,12,2,2,0,True
zip_2231,7,11,13,2,2,0,True
zip_2409,4,10,12,2,2,0,True
zip_2605,4,12,14,2,2,0,True
zip_3044,6,7,9,2,2,0,True
zip_3176,3,10,12,2,2,0,True
zip_3180,5,12,14,2,2,0,True
zip_3194,7,11,13,2,2,0,True
zip_3355,6,13,15,2,2,0,True
zip_3768,6,8,10,2,2,0,True
zip_395,11,10,12,2,2,0,True
zip_4477,6,10,12,2,2,0,True
zip_4692,5,10,12,2,2,0,True
zip_4743,10,12,14,2,2,0,True
zip_4997,6,10,12,2,2,0,True
zip_615,8,10,12,2,2,0,True
zip_3875,1,13,15,2,2,0,False
zip_2707,9,11,12,1,4,3,True
zip_280,7,10,11,1,4,3,True
zip_495,3,10,11,1,4,3,True
chi_res_AqgG-1aD6JYj9D6OmBWO3w,11,11,12,1,3,2,True
chi_res_vvhfPV-Llkd4fE2SHuLVvA,8,10,11,1,3,2,True
zip_1306,8,11,12,1,3,2,True
zip_1457,6,9,10,1,3,2,True
zip_1881,3,12,13,1,3,2,True
zip_2136,8,10,11,1,3,2,True
zip_2440,8,9,10,1,3,2,True
zip_2676,9,10,11,1,3,2,True
zip_3309,4,8,9,1,3,2,True
zip_3314,11,11,12,1,3,2,True
zip_3684,6,10,11,1,3,2,True
zip_372,10,10,11,1,3,2,True
zip_4034,3,9,10,1,3,2,True
zip_966,8,12,13,1,3,2,True
zip_1419,2,9,10,1,3,2,False
chi_res_50gFzdVglOz88eFJ6v-26A,9,12,13,1,2,1,True
chi_res_8d_DiHWB-pjBVW3a7D8EWg,7,11,12,1,2,1,True
chi_res_d6UbRb9W5eA1yL-DuVZ8ug,6,12,13,1,2,1,True
chi_res_hylBw5ND7XyPldM6BN28vw,5,12,13,1,2,1,True
chi_res_mlhHPnHmjO2_ypcP5Vc9Zw,8,12,13,1,2,1,True
zip_1035,7,11,12,1,2,1,True
zip_1123,6,8,9,1,2,1,True
zip_1535,3,12,13,1,2,1,True
zip_1775,6,11,12,1,2,1,True
zip_1814,7,12,13,1,2,1,True
zip_2224,9,9,10,1,2,1,True
zip_2337,8,10,11,1,2,1,True
zip_2768,8,10,11,1,2,1,True
zip_2879,8,13,14,1,2,1,True
zip_3267,3,11,12,1,2,1,True
zip_3582,9,13,14,1,2,1,True
zip_4267,5,12,13,1,2,1,True
zip_4468,7,10,11,1,2,1,True
zip_4631,7,10,11,1,2,1,True
zip_4816,5,10,11,1,2,1,True
zip_4897,7,11,12,1,2,1,True
zip_59,3,10,11,1,2,1,True
zip_716,7,12,13,1,2,1,True
zip_892,6,11,12,1,2,1,True
zip_899,12,12,13,1,2,1,True
zip_151,13,13,14,1,2,1,False
zip_3576,2,10,11,1,2,1,False
zip_4083,2,12,13,1,2,1,False
chi_res_Z2nOMPedr7XYhgYhILJjEA,5,11,12,1,1,0,True
zip_1199,5,9,10,1,1,0,True
zip_2034,6,13,14,1,1,0,True
zip_3318,5,11,12,1,1,0,True
zip_3567,6,9,10,1,1,0,True
zip_3618,6,11,12,1,1,0,True
zip_3876,4,13,14,1,1,0,True
zip_4223,5,13,14,1,1,0,True
zip_4617,5,11,12,1,1,0,True
zip_4698,4,12,13,1,1,0,True
zip_4746,3,12,13,1,1,0,True
zip_863,5,8,9,1,1,0,True
zip_3601,9,9,9,0,4,4,True
chi_res_o4NcUfco7JxOcyfKFWyAhg,7,10,10,0,3,3,True
zip_3003,8,7,7,0,3,3,True
zip_3888,7,11,11,0,3,3,True
zip_9,6,11,11,0,3,3,True
chi_res_HOJqzz1WvOmeR9oESJ4d9A,4,10,10,0,2,2,True
chi_res_NGfbRjWoqUh2fGw8DU_pmA,9,13,13,0,2,2,True
chi_res_WaIbupMGDBi5B3SChsUH8A,7,9,9,0,2,2,True
chi_res_dLS8GPg-K1O-zJ3VJAtiyg,6,12,12,0,2,2,True
zip_100,5,11,11,0,2,2,True
zip_1907,4,12,12,0,2,2,True
zip_2017,5,11,11,0,2,2,True
zip_2116,5,12,12,0,2,2,True
zip_2616,7,9,9,0,2,2,True
zip_3491,6,12,12,0,2,2,True
zip_3702,9,12,12,0,2,2,True
zip_3745,7,11,11,0,2,2,True
zip_3760,8,11,11,0,2,2,True
zip_5025,6,11,11,0,2,2,True
zip_5032,5,11,11,0,2,2,True
zip_2172,2,10,10,0,2,2,False
chi_res__b69OdBNLhysN1jFlYNQiA,7,11,11,0,1,1,True
chi_res_boE4Ahsssqic7o5wQLI04w,7,11,11,0,1,1,True
chi_res_mCHto10PBQOKnefm7gholg,7,11,11,0,1,1,True
chi_res_oEFJ29zAQaCNnQzebHQvpg,6,12,12,0,1,1,True
zip_1536,9,13,13,0,1,1,True
zip_1574,5,10,10,0,1,1,True
zip_1882,5,10,10,0,1,1,True
zip_2043,8,12,12,0,1,1,True
zip_2219,7,12,12,0,1,1,True
zip_2574,10,13,13,0,1,1,True
zip_3128,8,13,13,0,1,1,True
zip_3787,3,13,13,0,1,1,True
zip_4358,8,11,11,0,1,1,True
zip_4995,5,13,13,0,1,1,True
zip_543,8,12,12,0,1,1,True
zip_815,6,13,13,0,1,1,True
zip_1341,2,14,14,0,0,0,False
chi_res_pbEiXam9YJL3neCYHGwLUA,9,12,11,-1,3,4,True
zip_1114,10,11,10,-1,3,4,True
zip_1340,8,11,10,-1,2,3,True
zip_2342,7,9,8,-1,2,3,True
zip_3317,6,9,8,-1,2,3,True
zip_3868,8,11,10,-1,2,3,True
zip_4281,9,12,11,-1,2,3,True
zip_4390,8,13,12,-1,2,3,True
zip_4724,12,12,11,-1,2,3,True
chi_res_43rd1LKcZRIunySzbMsyLQ,10,12,11,-1,1,2,True
chi_res_yBRaSkuYwFhYEoucDyD0lA,7,12,11,-1,1,2,True
zip_1298,7,11,10,-1,1,2,True
zip_2265,6,10,9,-1,1,2,True
zip_2632,8,11,10,-1,1,2,True
zip_2776,10,14,13,-1,1,2,True
zip_4520,8,11,10,-1,1,2,True
zip_1809,7,11,10,-1,0,1,True
zip_4144,4,13,12,-1,0,1,True
nyc_484,2,13,12,-1,0,1,False
zip_1597,6,10,8,-2,2,4,True
zip_3297,6,11,9,-2,2,4,True
zip_3882,11,11,9,-2,2,4,True
chi_res_KomhK0JD5cleEW55YTw7MQ,7,12,10,-2,1,3,True
zip_2612,7,13,11,-2,1,3,True
zip_4735,5,11,9,-2,1,3,True
zip_3259,2,13,11,-2,1,3,False
chi_res_CwPi6NVuJIZZx4IBcTekFQ,7,15,13,-2,0,2,True
chi_res_IvdOI86_CSCRFpid2atnyA,8,13,11,-2,0,2,True
zip_1018,7,11,9,-2,0,2,True
zip_1151,9,12,10,-2,0,2,True
zip_2856,4,12,10,-2,0,2,True
zip_3237,4,13,11,-2,0,2,True
zip_4623,4,13,11,-2,0,2,True
zip_552,7,13,11,-2,0,2,True
chi_res_LMaoM2Ue2BR_HI9ba3JsZg,0,14,12,-2,0,2,False
zip_1179,3,13,10,-3,1,4,True
zip_2262,3,13,10,-3,0,3,True
zip_828,6,14,11,-3,0,3,True
zip_1510,6,10,6,-4,2,6,True
