review_text,actual,domain
"Easy to hold bottle, pleasing scent on the shampoo. It lathered very well and rinsed cleanly, paired up with the conditioner, it left my hair feeling very soft and clean. The only bad thing about it, was how it was shipped, in a bubble wrap manilla envelope. Being shipped like that, caused the bottle to leak a bit, not a lot, but I did have to rinse the bottle off before use. Other then that, it's great.",human,products
this was exactly what I was looking for and they have great customer service. It is hard to find a product that the person who makes it believes in it so much. I hope that they stay in business a long time,human,products
Food not bad the burgers can use some more seasoning. The drinks are on point! I had the Breakfast burger which was good it had the fried egg which I enjoyed. Amaretto sour is better than most places I have been too. Service could be better but overall ok.,human,restaurants
"OK for the basics. Not many healthy options. Refused to redeem ""Restaurant.com"" certificate. Sorry, but putting a sign on your door about a service you voluntarily signed up for doesn't help me when I am buying the certificate at home a week before. Doubt I will ever go back. The hostess spends too much time gabbing & getting in the waitresses way. Really slows up the servers.",human,restaurants
Begins better than it ends. Funny that the russian submarine crew outperforms all other actors. It's like those scenes where documentary shots... --- SPOILER PART ---- The message dechifered was contrary to the whole story. It just does not mesh.,human,movies
"Hello I am from Denmark, and one day i was having a film evening with my friends. One brought this movie with him ""Russian terminator"" and it was extremely awful. After watching less than half a minute we decided to fast forward only stopping at some laughable ""highlights"" or should i say ""lowlights"" in the movie. I was actually mostly surprised to find out that this film was produced here in my homeland Denmark...that must have been the biggest mistake this country ever made.",human,movies
beep beep beep simple cute robots classic platformer nothing new really 610 would beep again,human,games
the best game ever i played with in the category the story of the game with the mw12 is very exciting amazing i dont understand why there is not a movie adoption yet from this game i only can recommend for all who like the fps,human,games
"This is a fun & useful book for tween girls. It's geared toward girls, but most of the content would work for boys, too. It talks about planning trips, packing tips, and what to expect when you travel. There are several quizzes such as ""How adventurous are you?"" or ""What's your travel style?"". It is an easy read and has lots of illustrations to go along with it.",human,books
Just became a notary yup!!! Congrats to me and so checked the supplies on Amazon and BAM amazing price and great reviews and product so ordered 10 because you do what you want when youre popping and wanted to make sure I stacked up on these,human,books
Silver crashed on Asus Memo Pad 8 Playing Silver on this emulator and the game runs PERFECTLY sounds shutter sometimes but it's really rare and barely noticable. But the game crash when I get through a certain door in the library after Granddad got killed if I can get pass it and continue my game this would be the best Dreamcast emulator on Android. Pls fix it I love the game so much it's a part of my childhood I really wanna go through it again on my tablet.,human,apps
Meh. For my setup it doesn't like to connection even after having the correct ports open.,human,apps
"These are the lighter version, but the design is more of a workhorse. I like the extra light so I don't need a flashlight to get around",ai,products
All I can say is that this book was very good. I enjoyed it very much and am looking forward to the next book in the series. I think this is a great book to read. It will give you a good idea,ai,products
"""Used to think all taco trucks were a joke, but the Nacho Blast on 12th street just blew my mind—filling, flavorful, and worth the wait.",ai,restaurants
"At Vino Virtuoso, every sip was a journey through expertly curated wines paired with thoughtful bites. A true haven for wine enthusiasts!",ai,restaurants
Honestly the film is a rip off of the first film Not really. It is very faithful to the original story and dialogue. The two characters themselves are really interesting. The only thing it does not do is change the narrative of the first film.,ai,movies
"""Thunder Strike: Rise of Rebellion"" had some cool action scenes and decent special effects, but the plot felt a bit predictable and the dialogue was pretty cheesy at times. The villain was forgettable, and some of the character development felt rushed. Overall, it's a decent popcorn flick if you're into superhero movies, but don't expect anything groundbreaking.",ai,movies
"After playing for a few hours, I have to admit this is a very nice little build. If you're into it you should definitely pick it up, I like the fact that you",ai,games
"The graphics were nice, but the quest repetition got old quickly.",ai,games
"This cookbook offers delightful recipes that evoke nostalgic flavors, though some dishes took longer to prepare than expected. A charming addition to my culinary library.",ai,books
"I read this book and I don't get it. I would've been happy to read your book. It's a book about the internet, about how people in general are very much addicted to it It's a book about the internet, about how people in general are very much addicted to Internet. No, it's a book about how people are very much addicted to books. I know that, I was just trying to get into the mindset. I understand. I was just being facetious.",ai,books
"I have been using this app and it works fine for me. Just be aware of how slow it is. I think it should be a little faster but as it is it has been working perfectly. Thanks for your feedback! The speed issue is very common for me too! I agree, a little faster would be better for speed optimization. Thanks for the feedback!",ai,apps
"I've been using this app to manage my expenses while traveling and it's been a lifesaver. The user-friendly interface and customizable budget categories have helped me stay on track, even on a shoestring budget, and I've been able to enjoy my trip without stressing about money.",ai,apps
